﻿,Industry
Consumer Electronics/Appliances,859
Biotechnology: Pharmaceutical Preparations,631
Business Services,383
Major Banks,314
EDP Services,261
Real Estate Investment Trusts,251
Computer Software: Prepackaged Software,208
Investment Managers,202
Trusts Except Educational Religious and Charitable,158
Industrial Machinery/Components,156
Finance/Investors Services,134
Oil & Gas Production,132
Biotechnology: Biological Products (No Diagnostic Substances),105
Medical/Dental Instruments,105
Telecommunications Equipment,104
Semiconductors,101
Finance Companies,100
Specialty Chemicals,95
Medical Specialities,79
Diversified Commercial Services,76
Property-Casualty Insurers,76
Industrial Specialties,66
Other Consumer Services,66
Retail: Computer Software & Peripheral Equipment,62
Commercial Banks,58
Electric Utilities: Central,57
Finance: Consumer Services,56
Marine Transportation,55
Investment Bankers/Brokers/Service,54
Advertising,54
Biotechnology: Electromedical & Electrotherapeutic Apparatus,53
Metal Fabrications,52
Movies/Entertainment,52
Auto Parts:O.E.M.,51
Restaurants,50
Power Generation,45
Oilfield Services/Equipment,44
Savings Institutions,43
Real Estate,41
Managed Health Care,41
Other Specialty Stores,40
Electrical Products,39
Precious Metals,37
Military/Government/Technical,36
Recreational Products/Toys,35
Broadcasting,34
Major Chemicals,33
Beverages (Production/Distribution),33
Catalog/Specialty Distribution,32
Life Insurance,29
Department/Specialty Retail Stores,29
Hotels/Resorts,28
Diversified Manufacture,28
Specialty Insurers,28
Homebuilding,27
Steel/Iron Ore,27
Biotechnology: In Vitro & In Vivo Diagnostic Substances,27
Aerospace,27
Electronic Components,27
Air Freight/Delivery Services,26
Office Equipment/Supplies/Services,26
Home Furnishings,25
Specialty Foods,25
Auto Manufacturing,24
Interactive Media,23
Construction/Ag Equipment/Trucks,23
Biotechnology: Commercial Physical & Biological Resarch,22
Farming/Seeds/Milling,22
Radio And Television Broadcasting And Communications Equipment,22
Apparel,21
Medical/Nursing Services,21
Oil Refining/Marketing,20
Banks,20
Other Pharmaceuticals,20
Professional Services,20
Building operators,19
Water Supply,19
Building Products,18
Computer peripheral equipment,18
Engineering & Construction,18
Clothing/Shoe/Accessory Stores,17
Hospital/Nursing Management,17
Trucking Freight/Courier Services,17
Service to the Health Industry,17
Television Services,17
Integrated oil Companies,17
Package Goods/Cosmetics,17
Natural Gas Distribution,16
Wholesale Distributors,16
Food Distributors,15
Packaged Foods,13
Food Chains,13
Environmental Services,13
Diversified Financial Services,13
Oil/Gas Transmission,13
Agricultural Chemicals,12
Paper,11
Automotive Aftermarket,11
Containers/Packaging,11
Internet and Information Services,10
Building Materials,10
Fluid Controls,10
Biotechnology: Laboratory Analytical Instruments,10
Shoe Manufacturing,10
Computer Manufacturing,10
Services-Misc. Amusement & Recreation,9
Railroads,9
Computer Software: Programming Data Processing,9
Consumer Specialties,9
Water Sewer Pipeline Comm & Power Line Construction,8
Tobacco,8
Multi-Sector Companies,8
Accident &Health Insurance,8
Medical Electronics,7
Rental/Leasing Companies,7
Meat/Poultry/Fish,7
Coal Mining,7
Plastic Products,6
Paints/Coatings,6
Ophthalmic Goods,5
Assisted Living Services,5
RETAIL: Building Materials,5
Precision Instruments,5
Books,5
Newspapers/Magazines,5
Aluminum,4
Consumer Electronics/Video Chains,4
Publishing,4
Other Metals and Minerals,3
Motor Vehicles,3
Metal Mining,3
Pollution Control Equipment,3
Transportation Services,2
Textiles,2
Electronics Distribution,2
Beverages - Non-Alcoholic,2
EDP Peripherals,2
Ordnance And Accessories,2
Forest Products,2
Diversified Electronic Products,1
Miscellaneous manufacturing industries,1
Industrial Distribution,1
Soft Drinks,1
Tools/Hardware,1
Computer Communications Equipment,1
